{
    "mtx": [
        [
            587.1490739572228,
            0.0,
            338.20180743306094
        ],
        [
            0.0,
            586.9807173901819,
            267.07446394396885
        ],
        [
            0.0,
            0.0,
            1.0
        ]
    ],
    "dist": [
        [
            0.05320906252970724,
            0.021946427808042998,
            0.009543914195995793,
            0.006402620727663023,
            -0.5285938150677448
        ]
    ]
}