{
    "mtx": [
        [
            688.5919665619933,
            0.0,
            293.832806883929
        ],
        [
            0.0,
            789.928005594577,
            215.84754027096355
        ],
        [
            0.0,
            0.0,
            1.0
        ]
    ],
    "dist": [
        [
            2.8034842562794737,
            -17.53117920858484,
            -0.047890127842638526,
            -0.12774820256721067,
            47.16232308485372
        ]
    ],
    "rvecs": [
        [
            [
                -0.6951555717559464
            ],
            [
                -0.7605867290691506
            ],
            [
                -1.4861554043494336
            ]
        ],
        [
            [
                -0.6804838876146992
            ],
            [
                -0.7536552731346361
            ],
            [
                -1.4266136314763542
            ]
        ]
    ],
    "tvecs": [
        [
            [
                1.723317105242128
            ],
            [
                1.701960856631343
            ],
            [
                17.526818143527546
            ]
        ],
        [
            [
                -0.8686105518904352
            ],
            [
                1.3651850685485403
            ],
            [
                17.016551391096325
            ]
        ]
    ],
    "objpoints": [
        [
            [
                0.0,
                0.0,
                0.0
            ],
            [
                1.0,
                0.0,
                0.0
            ],
            [
                2.0,
                0.0,
                0.0
            ],
            [
                3.0,
                0.0,
                0.0
            ],
            [
                4.0,
                0.0,
                0.0
            ],
            [
                5.0,
                0.0,
                0.0
            ],
            [
                6.0,
                0.0,
                0.0
            ],
            [
                0.0,
                1.0,
                0.0
            ],
            [
                1.0,
                1.0,
                0.0
            ],
            [
                2.0,
                1.0,
                0.0
            ],
            [
                3.0,
                1.0,
                0.0
            ],
            [
                4.0,
                1.0,
                0.0
            ],
            [
                5.0,
                1.0,
                0.0
            ],
            [
                6.0,
                1.0,
                0.0
            ],
            [
                0.0,
                2.0,
                0.0
            ],
            [
                1.0,
                2.0,
                0.0
            ],
            [
                2.0,
                2.0,
                0.0
            ],
            [
                3.0,
                2.0,
                0.0
            ],
            [
                4.0,
                2.0,
                0.0
            ],
            [
                5.0,
                2.0,
                0.0
            ],
            [
                6.0,
                2.0,
                0.0
            ],
            [
                0.0,
                3.0,
                0.0
            ],
            [
                1.0,
                3.0,
                0.0
            ],
            [
                2.0,
                3.0,
                0.0
            ],
            [
                3.0,
                3.0,
                0.0
            ],
            [
                4.0,
                3.0,
                0.0
            ],
            [
                5.0,
                3.0,
                0.0
            ],
            [
                6.0,
                3.0,
                0.0
            ],
            [
                0.0,
                4.0,
                0.0
            ],
            [
                1.0,
                4.0,
                0.0
            ],
            [
                2.0,
                4.0,
                0.0
            ],
            [
                3.0,
                4.0,
                0.0
            ],
            [
                4.0,
                4.0,
                0.0
            ],
            [
                5.0,
                4.0,
                0.0
            ],
            [
                6.0,
                4.0,
                0.0
            ],
            [
                0.0,
                5.0,
                0.0
            ],
            [
                1.0,
                5.0,
                0.0
            ],
            [
                2.0,
                5.0,
                0.0
            ],
            [
                3.0,
                5.0,
                0.0
            ],
            [
                4.0,
                5.0,
                0.0
            ],
            [
                5.0,
                5.0,
                0.0
            ],
            [
                6.0,
                5.0,
                0.0
            ]
        ],
        [
            [
                0.0,
                0.0,
                0.0
            ],
            [
                1.0,
                0.0,
                0.0
            ],
            [
                2.0,
                0.0,
                0.0
            ],
            [
                3.0,
                0.0,
                0.0
            ],
            [
                4.0,
                0.0,
                0.0
            ],
            [
                5.0,
                0.0,
                0.0
            ],
            [
                6.0,
                0.0,
                0.0
            ],
            [
                0.0,
                1.0,
                0.0
            ],
            [
                1.0,
                1.0,
                0.0
            ],
            [
                2.0,
                1.0,
                0.0
            ],
            [
                3.0,
                1.0,
                0.0
            ],
            [
                4.0,
                1.0,
                0.0
            ],
            [
                5.0,
                1.0,
                0.0
            ],
            [
                6.0,
                1.0,
                0.0
            ],
            [
                0.0,
                2.0,
                0.0
            ],
            [
                1.0,
                2.0,
                0.0
            ],
            [
                2.0,
                2.0,
                0.0
            ],
            [
                3.0,
                2.0,
                0.0
            ],
            [
                4.0,
                2.0,
                0.0
            ],
            [
                5.0,
                2.0,
                0.0
            ],
            [
                6.0,
                2.0,
                0.0
            ],
            [
                0.0,
                3.0,
                0.0
            ],
            [
                1.0,
                3.0,
                0.0
            ],
            [
                2.0,
                3.0,
                0.0
            ],
            [
                3.0,
                3.0,
                0.0
            ],
            [
                4.0,
                3.0,
                0.0
            ],
            [
                5.0,
                3.0,
                0.0
            ],
            [
                6.0,
                3.0,
                0.0
            ],
            [
                0.0,
                4.0,
                0.0
            ],
            [
                1.0,
                4.0,
                0.0
            ],
